NUM_AGENTS,PercentSpaceEmpty,|,CPP_OriginalADG_Time,CPP_SAGE_Time,CPP_FORTED_Time,CPP_MAGE_FORTED_Time,CPP_MAGE_SAGE_Time,|,CPP_OriginalADG_Comms,CPP_SAGE_Comms,CPP_FORTED_Comms,CPP_MAGE_FORTED_Comms,CPP_MAGE_SAGE_Comms
10,0.6,|,0.00037413835525512695,7.225573062896729e-05,5.529820919036865e-05,0.00017890334129333496,8.536875247955322e-05,|,33.6875,33.6875,20.1875,18.1875,18.1875
20,0.4444444444444444,|,0.00033023953437805176,0.0001785755157470703,0.0001307278871536255,0.00021503865718841553,0.00026015937328338623,|,146.4375,146.4375,64.4375,59.5625,59.5625
30,0.53125,|,0.0010562688112258911,0.00033746659755706787,0.00024031102657318115,0.0005407184362411499,0.0006202161312103271,|,342.3125,342.3125,133.8125,121.3125,121.3125
40,0.5061728395061729,|,0.0023854970932006836,0.0005320757627487183,0.0003678053617477417,0.0010178983211517334,0.0012091100215911865,|,590.3125,590.3125,207.1875,190.75,190.75
50,0.5,|,0.004839882254600525,0.0007186532020568848,0.0004905611276626587,0.0020035356283187866,0.002287060022354126,|,1040.9375,1040.9375,317.5,291.4375,291.4375
60,0.4,|,0.00719858705997467,0.0009534060955047607,0.0006067752838134766,0.0029765963554382324,0.0034241080284118652,|,1722.4375,1722.4375,446.1875,419.0,419.0
70,0.42148760330578516,|,0.01484401524066925,0.0012840628623962402,0.0007682591676712036,0.004527226090431213,0.004996493458747864,|,2283.125,2283.125,569.3125,532.0,532.0
80,0.4444444444444444,|,0.02411477267742157,0.0015153288841247559,0.000935867428779602,0.0073063671588897705,0.007632657885551453,|,2874.8125,2874.8125,688.125,640.6875,640.6875
90,0.4674556213017751,|,0.03404080867767334,0.001812085509300232,0.0010534971952438354,0.010965749621391296,0.011753708124160767,|,3842.75,3842.75,868.4375,806.0625,806.0625
100,0.40828402366863903,|,0.046122774481773376,0.002322763204574585,0.0011986494064331055,0.013231426477432251,0.014257416129112244,|,4975.9375,4975.9375,1027.0,965.0625,965.0625
110,0.4387755102040817,|,0.07515902817249298,0.0027966350317001343,0.001462295651435852,0.020346760749816895,0.02202974259853363,|,5827.875,5827.875,1187.3125,1103.0625,1103.0625
120,0.4666666666666667,|,0.08624954521656036,0.0028768032789230347,0.0015729516744613647,0.02540244162082672,0.027112796902656555,|,6524.125,6524.125,1333.5625,1237.3125,1237.3125
130,0.4222222222222223,|,0.12951256334781647,0.003565683960914612,0.0017881989479064941,0.03416481614112854,0.03676414489746094,|,8461.5,8461.5,1565.9375,1464.25,1464.25
140,0.453125,|,0.14975935220718384,0.00399644672870636,0.002001136541366577,0.046051472425460815,0.04835474491119385,|,9412.5,9412.5,1743.6875,1620.375,1620.375
150,0.4140625,|,0.20827320218086243,0.005408719182014465,0.0025842487812042236,0.062229081988334656,0.06270194053649902,|,11449.5625,11449.5625,1973.5625,1852.8125,1852.8125
160,0.44636678200692037,|,0.24880073964595795,0.006007969379425049,0.002936527132987976,0.07537132501602173,0.07467904686927795,|,12274.0625,12274.0625,2151.5625,2007.8125,2007.8125
170,0.4117647058823529,|,0.31267744302749634,0.007160991430282593,0.0033466070890426636,0.09077246487140656,0.08880786597728729,|,14761.0625,14761.0625,2402.5,2261.0625,2261.0625
180,0.4444444444444444,|,0.3450016528367996,0.007169291377067566,0.003350168466567993,0.0980740338563919,0.0983528345823288,|,15142.75,15142.75,2529.8125,2354.3125,2354.3125
190,0.4135802469135802,|,0.37247443199157715,0.007819488644599915,0.0035130828619003296,0.11309261620044708,0.11617089807987213,|,18481.875,18481.875,2870.25,2694.625,2694.625
200,0.445983379501385,|,0.4799787551164627,0.008607476949691772,0.0038175880908966064,0.13840331137180328,0.14359748363494873,|,20304.875,20304.875,3144.6875,2941.5,2941.5
210,0.4182825484764543,|,0.5160885751247406,0.009232446551322937,0.003926262259483337,0.15180671215057373,0.15775467455387115,|,22478.4375,22478.4375,3349.875,3146.0625,3146.0625
220,0.44999999999999996,|,0.6379149407148361,0.009666100144386292,0.004267707467079163,0.18802975118160248,0.19654659926891327,|,23565.5,23565.5,3579.9375,3335.3125,3335.3125
230,0.42500000000000004,|,0.6406932175159454,0.010480031371116638,0.004343315958976746,0.20136107504367828,0.21227867901325226,|,27326.25,27326.25,3910.375,3667.6875,3667.6875
240,0.4,|,0.6762717515230179,0.01175042986869812,0.004687681794166565,0.21309876441955566,0.2251548171043396,|,31610.25,31610.25,4265.5,4024.9375,4024.9375
250,0.4331065759637188,|,0.7889958620071411,0.01196320354938507,0.005138486623764038,0.25144460797309875,0.26375889778137207,|,31636.9375,31636.9375,4378.6875,4108.375,4108.375
260,0.4104308390022676,|,0.8927149176597595,0.013708263635635376,0.005487531423568726,0.29042597115039825,0.3055666983127594,|,36834.9375,36834.9375,4804.0,4525.625,4525.625
270,0.4421487603305785,|,1.026349663734436,0.014509260654449463,0.005836457014083862,0.32721085846424103,0.3422459363937378,|,36748.9375,36748.9375,4984.8125,4667.375,4667.375
280,0.42148760330578516,|,1.1458336859941483,0.01544855535030365,0.006233438849449158,0.3775007277727127,0.3930606096982956,|,39999.75,39999.75,5245.1875,4928.25,4928.25
290,0.40082644628099173,|,1.2060089856386185,0.01692141592502594,0.006431549787521362,0.4104229062795639,0.4299568086862564,|,45516.6875,45516.6875,5656.5,5345.3125,5345.3125
300,0.43289224952741023,|,1.307672068476677,0.01706843078136444,0.006716251373291016,0.449201375246048,0.46879062056541443,|,45204.875,45204.875,5818.125,5466.125,5466.125
310,0.4139886578449905,|,1.4533011615276337,0.01904773712158203,0.007031604647636414,0.500169187784195,0.5230747610330582,|,51890.1875,51890.1875,6340.5,5967.4375,5967.4375
320,0.4444444444444444,|,1.610818862915039,0.019359588623046875,0.007315844297409058,0.578804224729538,0.6018341481685638,|,51759.25,51759.25,6489.875,6071.0625,6071.0625
330,0.42708333333333337,|,1.6670022755861282,0.020488709211349487,0.007464006543159485,0.6019700765609741,0.6258130371570587,|,56626.25,56626.25,6858.625,6441.8125,6441.8125
340,0.4097222222222222,|,1.7386713325977325,0.0224764347076416,0.0076509565114974976,0.6250483244657516,0.6532736271619797,|,63892.375,63892.375,7342.8125,6933.1875,6933.1875
350,0.43999999999999995,|,1.992583006620407,0.022603169083595276,0.008099600672721863,0.7326783835887909,0.7608561217784882,|,62007.25,62007.25,7416.1875,6951.5,6951.5
360,0.42400000000000004,|,2.1877530217170715,0.02468055486679077,0.008663326501846313,0.8133629262447357,0.8419650346040726,|,68132.0,68132.0,7948.125,7477.0625,7477.0625
370,0.40800000000000003,|,2.3856288492679596,0.027343958616256714,0.008972600102424622,0.8799817562103271,0.91472227871418,|,76953.9375,76953.9375,8431.0625,7967.9375,7967.9375
380,0.4378698224852071,|,2.5463902056217194,0.026883915066719055,0.009352639317512512,0.9336488097906113,0.9675487279891968,|,73371.75,73371.75,8418.6875,7904.8125,7904.8125
390,0.42307692307692313,|,2.8284352123737335,0.02952142059803009,0.010112404823303223,1.037769541144371,1.0727551877498627,|,81153.5,81153.5,8984.4375,8453.3125,8453.3125
400,0.40828402366863903,|,3.2195954769849777,0.03199893236160278,0.01082301139831543,1.176195740699768,1.2165042459964752,|,87979.0625,87979.0625,9468.75,8958.25,8958.25
410,0.43758573388203015,|,3.3229724168777466,0.0322728306055069,0.011164173483848572,1.2101189643144608,1.2498632073402405,|,87353.0625,87353.0625,9590.75,8995.9375,8995.9375
420,0.4238683127572016,|,3.6729920357465744,0.03468805551528931,0.011707574129104614,1.345259964466095,1.3882061392068863,|,92485.875,92485.875,9893.9375,9329.625,9329.625
430,0.41015089163237306,|,3.6476916521787643,0.03753218054771423,0.011922270059585571,1.363580510020256,1.4127649068832397,|,103901.875,103901.875,10601.125,10034.125,10034.125
440,0.4387755102040817,|,4.115359857678413,0.037663236260414124,0.012559324502944946,1.5219127237796783,1.5711206644773483,|,100556.75,100556.75,10706.75,10049.5625,10049.5625
450,0.42602040816326525,|,4.350349932909012,0.03940218687057495,0.012894600629806519,1.614187091588974,1.6662205755710602,|,106993.25,106993.25,11160.6875,10513.8125,10513.8125
460,0.41326530612244894,|,4.714881494641304,0.04372532665729523,0.013329297304153442,1.7583514750003815,1.8122165501117706,|,118365.25,118365.25,11957.0625,11289.375,11289.375
470,0.4005102040816326,|,5.116092145442963,0.04593154788017273,0.013775616884231567,1.928469493985176,1.9865832924842834,|,125465.9375,125465.9375,12307.625,11653.9375,11653.9375
480,0.4292508917954816,|,5.065773904323578,0.04444494843482971,0.013905853033065796,1.8912350684404373,1.9525217115879059,|,120279.8125,120279.8125,12243.6875,11528.3125,11528.3125
490,0.41736028537455405,|,5.627051591873169,0.049127399921417236,0.01451370120048523,2.1159733831882477,2.1843955516815186,|,134174.3125,134174.3125,13030.625,12303.8125,12303.8125
500,0.4054696789536266,|,5.687016874551773,0.05213738977909088,0.014684632420539856,2.167785793542862,2.240289270877838,|,142851.25,142851.25,13563.375,12853.0625,12853.0625
510,0.43333333333333335,|,5.8349489867687225,0.051361218094825745,0.014981865882873535,2.212472215294838,2.283845469355583,|,138001.9375,138001.9375,13564.6875,12765.5,12765.5
520,0.4222222222222223,|,6.363902032375336,0.054535821080207825,0.01545804738998413,2.409488618373871,2.482047066092491,|,148161.1875,148161.1875,14187.8125,13404.5625,13404.5625
530,0.4111111111111111,|,7.110878363251686,0.05846692621707916,0.016253173351287842,2.7071909457445145,2.782489463686943,|,154493.6875,154493.6875,14556.625,13751.8125,13751.8125
540,0.4,|,7.0737480372190475,0.061029523611068726,0.016332849860191345,2.700432777404785,2.7801835983991623,|,166030.0625,166030.0625,15189.625,14412.6875,14412.6875
550,0.42767950052029136,|,7.670740514993668,0.06219880282878876,0.016862213611602783,2.9214528053998947,3.0122522860765457,|,162934.0,162934.0,15322.5,14436.9375,14436.9375
560,0.4172736732570239,|,8.282131865620613,0.06486579775810242,0.017772600054740906,3.186078980565071,3.2793322801589966,|,171920.25,171920.25,15818.5,14944.0,14944.0
570,0.40686784599375647,|,8.182941019535065,0.07028794288635254,0.0178384929895401,3.1623139083385468,3.259698763489723,|,184313.6875,184313.6875,16496.625,15634.9375,15634.9375
580,0.43359375,|,10.066159263253212,0.0695442259311676,0.019393056631088257,3.781838834285736,3.872941702604294,|,179442.0,179442.0,16673.25,15687.75,15687.75
590,0.423828125,|,10.260497972369194,0.07676181197166443,0.02009373903274536,3.8507975339889526,3.9489425867795944,|,191704.25,191704.25,17351.0625,16379.125,16379.125
600,0.4140625,|,10.229278862476349,0.07927285134792328,0.020403340458869934,3.9309800565242767,4.042033135890961,|,203608.125,203608.125,17930.3125,16960.25,16960.25
610,0.404296875,|,10.648964896798134,0.08447843790054321,0.021192461252212524,4.055216580629349,4.171436369419098,|,213668.5625,213668.5625,18427.6875,17470.125,17470.125
620,0.4306703397612488,|,12.088104769587517,0.08604243397712708,0.023668289184570312,4.5416513830423355,4.645424053072929,|,206605.625,206605.625,18407.9375,17343.75,17343.75
630,0.42148760330578516,|,12.41105242073536,0.08994688093662262,0.02370058000087738,4.691249683499336,4.808785393834114,|,221217.3125,221217.3125,19162.125,18114.75,18114.75
640,0.4123048668503214,|,12.046537935733795,0.09362499415874481,0.024117395281791687,4.533743172883987,4.672158822417259,|,229739.875,229739.875,19558.9375,18524.8125,18524.8125
650,0.40312213039485767,|,12.768714517354965,0.09919880330562592,0.025257065892219543,4.845277041196823,4.983082860708237,|,239705.3125,239705.3125,20231.0625,19186.125,19186.125
660,0.4290657439446367,|,14.0957340747118,0.0984853208065033,0.025470256805419922,5.2695957869291306,5.412901744246483,|,239352.8125,239352.8125,20523.8125,19379.125,19379.125
670,0.4204152249134948,|,15.287867859005928,0.10828837752342224,0.02686406672000885,5.73895825445652,5.870407447218895,|,256388.1875,256388.1875,21370.875,20224.875,20224.875
680,0.4117647058823529,|,15.485963329672813,0.10987263917922974,0.027193933725357056,5.890794739127159,6.049812808632851,|,261264.875,261264.875,21650.1875,20506.5,20506.5
690,0.40311418685121103,|,16.32968343794346,0.11669403314590454,0.027742773294448853,6.22496896982193,6.380526557564735,|,277370.125,277370.125,22592.0,21443.4375,21443.4375
700,0.4285714285714286,|,16.6018069088459,0.11174197494983673,0.02817876636981964,6.281469956040382,6.446098327636719,|,260050.125,260050.125,22046.25,20806.9375,20806.9375
710,0.42040816326530617,|,17.134125977754593,0.12195037305355072,0.02839820086956024,6.548535168170929,6.716729983687401,|,284311.625,284311.625,23273.5625,22024.9375,22024.9375
720,0.4122448979591836,|,19.388306975364685,0.13000203669071198,0.03004661202430725,7.356723934412003,7.525727406144142,|,295589.5625,295589.5625,23766.6875,22535.6875,22535.6875
730,0.4040816326530612,|,18.704032883048058,0.13419708609580994,0.029625803232192993,7.149693042039871,7.334633007645607,|,315644.3125,315644.3125,24561.75,23332.75,23332.75
740,0.42901234567901236,|,20.181693270802498,0.13382810354232788,0.030634835362434387,7.666906952857971,7.83992837369442,|,300964.9375,300964.9375,24384.625,23036.8125,23036.8125
750,0.4212962962962963,|,21.19439834356308,0.1411699503660202,0.030973657965660095,8.077037766575813,8.267690971493721,|,318712.4375,318712.4375,25273.8125,23925.875,23925.875
760,0.4135802469135802,|,21.958603501319885,0.14584098756313324,0.03185895085334778,8.42993377149105,8.621185660362244,|,324798.375,324798.375,25780.3125,24420.1875,24420.1875
770,0.4058641975308642,|,22.58033688366413,0.15969759225845337,0.032435014843940735,8.662708640098572,8.884335428476334,|,352846.375,352846.375,26856.375,25493.75,25493.75
780,0.4302410518626735,|,23.113903418183327,0.15415430068969727,0.03222821652889252,8.748549535870552,8.975740134716034,|,338628.0625,338628.0625,26957.9375,25461.5,25461.5
790,0.422936449963477,|,24.5078107714653,0.1583910435438156,0.03305944800376892,9.38982281088829,9.60885189473629,|,351440.5,351440.5,27313.5,25861.75,25861.75
800,0.41563184806428055,|,24.70650687813759,0.1675967276096344,0.034019216895103455,9.40148240327835,9.630944669246674,|,361855.6875,361855.6875,27852.0625,26381.5625,26381.5625
810,0.408327246165084,|,25.63209779560566,0.17755138874053955,0.03467223048210144,9.867916092276573,10.147068172693253,|,379829.3125,379829.3125,28565.75,27133.5625,27133.5625
820,0.4010226442658875,|,26.75720204412937,0.19700048863887787,0.035456523299217224,10.276043966412544,10.564123287796974,|,404845.4375,404845.4375,29831.3125,28350.25,28350.25
830,0.42520775623268703,|,28.115050092339516,0.18755733966827393,0.03537735342979431,10.735838070511818,11.003791332244873,|,390878.625,390878.625,29787.1875,28168.375,28168.375
840,0.4182825484764543,|,27.734491243958473,0.19712112843990326,0.03658360242843628,10.629858389496803,10.94088464975357,|,404333.5,404333.5,30311.0,28724.375,28724.375
850,0.41135734072022156,|,31.19814345240593,0.20379596948623657,0.037646546959877014,11.773026093840599,12.058593854308128,|,425481.25,425481.25,31513.0625,29887.4375,29887.4375
860,0.40443213296398894,|,32.695468589663506,0.21837887167930603,0.037869736552238464,12.278256878256798,12.579878121614456,|,444542.125,444542.125,32146.8125,30527.0625,30527.0625
870,0.42800788954635105,|,32.77169746160507,0.20953811705112457,0.03784531354904175,12.449253976345062,12.728676065802574,|,420074.375,420074.375,31856.8125,30109.125,30109.125
880,0.42143326758711375,|,34.82161481678486,0.228186696767807,0.039374157786369324,13.072733953595161,13.403022855520248,|,447947.5625,447947.5625,32765.625,31042.6875,31042.6875
890,0.41485864562787644,|,37.578822046518326,0.2441032975912094,0.04116462171077728,13.97023731470108,14.279684782028198,|,466471.0,466471.0,33682.8125,31951.5,31951.5
900,0.40828402366863903,|,34.37526398897171,0.24860744178295135,0.03947284817695618,13.155363589525223,13.513200297951698,|,482396.0625,482396.0625,34344.125,32621.0,32621.0
910,0.4017094017094017,|,41.130165830254555,0.26848122477531433,0.04492935538291931,15.31827487051487,15.669761762022972,|,503767.0625,503767.0625,35458.0,33699.625,33699.625
920,0.42500000000000004,|,38.97997833788395,0.25376346707344055,0.0414058119058609,14.349007800221443,14.722624629735947,|,479576.25,479576.25,34975.375,33093.125,33093.125
930,0.41874999999999996,|,42.89067216217518,0.2783646434545517,0.045855820178985596,15.61001393198967,15.98255717754364,|,513944.125,513944.125,36542.75,34631.0625,34631.0625
940,0.4125,|,40.98246389627457,0.27941134572029114,0.0432906448841095,15.404270872473717,15.796863704919815,|,521352.0625,521352.0625,36729.375,34856.4375,34856.4375
950,0.40625,|,42.34292857348919,0.2924079895019531,0.04580751061439514,15.573127180337906,15.949016079306602,|,531986.0625,531986.0625,37085.5625,35226.25,35226.25
960,0.4,|,45.43573208153248,0.31196652352809906,0.04972739517688751,16.550125867128372,16.96196435391903,|,559262.375,559262.375,38486.625,36593.6875,36593.6875
970,0.4229625223081499,|,49.96642751991749,0.3047700822353363,0.05492885410785675,17.424620270729065,17.82349617779255,|,542505.8125,542505.8125,38248.4375,36237.0625,36237.0625
980,0.41701368233194525,|,56.109574645757675,0.3292815685272217,0.05781681835651398,18.758596882224083,19.1311873793602,|,564523.875,564523.875,38933.75,36950.625,36950.625
990,0.4110648423557406,|,53.783643916249275,0.34305647015571594,0.05836004018783569,18.802973493933678,19.228551745414734,|,588008.625,588008.625,40066.0,38043.625,38043.625
1000,0.40511600237953604,|,53.8006884008646,0.3513931483030319,0.05862636864185333,18.719314590096474,19.16140539944172,|,603129.5,603129.5,40782.0,38790.6875,38790.6875
1010,0.42743764172335597,|,56.02157837152481,0.3536655902862549,0.06359462440013885,19.436047434806824,19.8979669213295,|,594489.1875,594489.1875,41497.9375,39270.0625,39270.0625
1020,0.4217687074829932,|,61.78955537080765,0.36322514712810516,0.06529740989208221,20.743720188736916,21.179048374295235,|,618387.75,618387.75,42150.3125,39954.25,39954.25
1030,0.41609977324263037,|,63.708288460969925,0.3835427910089493,0.06591227650642395,21.22192756831646,21.683310359716415,|,626596.125,626596.125,42264.125,40144.1875,40144.1875
1040,0.4104308390022676,|,70.63796550035477,0.3950132727622986,0.06729613244533539,23.150268599390984,23.60230813920498,|,659044.25,659044.25,43699.0,41494.125,41494.125
1050,0.40476190476190477,|,69.94727310538292,0.4205102473497391,0.0680004358291626,23.341863378882408,23.86771786212921,|,688863.3125,688863.3125,44968.0,42767.6875,42767.6875
1060,0.4267171444023796,|,75.22388833761215,0.4173774719238281,0.07041479647159576,24.211054295301437,24.760733798146248,|,660095.125,660095.125,45046.4375,42650.3125,42650.3125
1070,0.421308815575987,|,70.54871924221516,0.43142952024936676,0.06833349168300629,22.60253594815731,23.145556807518005,|,693392.25,693392.25,45827.625,43456.1875,43456.1875
1080,0.41590048674959434,|,70.21746125817299,0.4323686957359314,0.06970404088497162,23.518844798207283,24.05481965839863,|,691922.75,691922.75,46016.5,43692.8125,43692.8125
1090,0.4104921579232017,|,78.93001326918602,0.4517406076192856,0.071078822016716,25.348174899816513,25.8730900734663,|,727457.0625,727457.0625,47538.6875,45128.9375,45128.9375
1100,0.40508382909680907,|,81.38471500575542,0.4965113550424576,0.07350848615169525,26.41666005551815,27.011140897870064,|,768106.75,768106.75,49961.1875,47448.75,47448.75
1110,0.42665289256198347,|,83.77805869281292,0.4682195484638214,0.07336047291755676,27.10793974995613,27.69154667854309,|,741543.875,741543.875,49010.625,46386.8125,46386.8125
1120,0.42148760330578516,|,88.18606016039848,0.49717390537261963,0.07497218251228333,27.911922931671143,28.481421262025833,|,777783.4375,777783.4375,51201.875,48470.3125,48470.3125
1130,0.41632231404958675,|,89.51650977134705,0.5209434628486633,0.07621525228023529,28.00809445977211,28.62033112347126,|,786360.625,786360.625,51215.25,48588.125,48588.125
1140,0.41115702479338845,|,97.27261981368065,0.5328751653432846,0.07698336243629456,30.686105623841286,31.33178998529911,|,819112.5625,819112.5625,52988.5625,50278.125,50278.125
1150,0.40599173553719003,|,100.01547501981258,0.5407467633485794,0.07745537161827087,31.339719966053963,32.02180130779743,|,837821.1875,837821.1875,53718.1875,51038.875,51038.875
1160,0.40082644628099173,|,99.72690433263779,0.5927517116069794,0.07916592061519623,31.455380648374557,32.13520775735378,|,881833.625,881833.625,55890.5625,53067.6875,53067.6875
1170,0.4222222222222223,|,110.68209530413151,0.576427161693573,0.08049124479293823,33.14231403172016,33.79735843837261,|,837039.9375,837039.9375,54597.25,51640.1875,51640.1875
1180,0.41728395061728396,|,103.6768252402544,0.5849859267473221,0.07983461022377014,31.52311262488365,32.23479826748371,|,865353.0,865353.0,55342.25,52494.375,52494.375
1190,0.41234567901234565,|,110.50556528568268,0.598198190331459,0.08057698607444763,33.26812553405762,33.97000449895859,|,886026.8125,886026.8125,55644.0,52827.6875,52827.6875
1200,0.40740740740740744,|,115.1252858042717,0.6283819675445557,0.08251966536045074,34.56594316661358,35.238822758197784,|,910325.9375,910325.9375,57121.75,54284.625,54284.625
1210,0.4024691358024691,|,115.80328303575516,0.6444419324398041,0.08264583349227905,35.48848193883896,36.257765382528305,|,950749.875,950749.875,58951.5,56002.8125,56002.8125
1220,0.4234404536862004,|,113.18047128617764,0.6189415752887726,0.08082833886146545,33.83826394379139,34.589981868863106,|,927542.3125,927542.3125,59223.875,56020.25,56020.25
1230,0.41871455576559546,|,126.29787527024746,0.6882943361997604,0.08502353727817535,37.11978131532669,37.79871056973934,|,961083.0,961083.0,59778.4375,56724.9375,56724.9375
1240,0.4139886578449905,|,128.75059470534325,0.6712570935487747,0.08309188485145569,39.355222538113594,40.05398662388325,|,987085.4375,987085.4375,61338.0625,58158.5,58158.5
1250,0.40926275992438566,|,137.9920070618391,0.6883975267410278,0.08532971143722534,38.31268382072449,39.10614784061909,|,980902.6875,980902.6875,60425.9375,57407.0,57407.0
1260,0.4045368620037807,|,139.13348126411438,0.7306099683046341,0.08493004739284515,40.094285279512405,41.058108657598495,|,1041069.3125,1041069.3125,63634.875,60430.125,60430.125
1270,0.4250792213671345,|,146.97263418138027,0.7093266397714615,0.08879731595516205,42.25358283519745,43.096462085843086,|,1009781.125,1009781.125,63653.5625,60176.375,60176.375
1280,0.42055228610230877,|,131.3700598627329,0.7231660932302475,0.0874612033367157,38.38373948633671,39.33032976090908,|,1008744.3125,1008744.3125,62496.6875,59243.5,59243.5
1290,0.41602535083748304,|,161.73507899045944,0.7633166313171387,0.09016312658786774,42.951272025704384,43.90185359120369,|,1047008.625,1047008.625,64255.375,60926.625,60926.625
1300,0.4114984155726573,|,168.300458163023,0.7656258046627045,0.09162192046642303,46.7148744314909,47.68281964957714,|,1074037.3125,1074037.3125,65630.0,62281.6875,62281.6875
1310,0.4069714803078316,|,157.08959636092186,0.8491754829883575,0.0919429212808609,45.836867332458496,46.710545390844345,|,1149955.625,1149955.625,69489.1875,65854.1875,65854.1875
1320,0.40244454504300586,|,171.28818829357624,0.8446019142866135,0.09381604194641113,49.01968689262867,49.768631383776665,|,1145954.6875,1145954.6875,68612.125,65198.6875,65198.6875
1330,0.4227430555555556,|,159.033536195755,0.7728853523731232,0.09030333161354065,46.40932968258858,46.694163888692856,|,1081546.625,1081546.625,66558.25,63050.375,63050.375
1340,0.4184027777777778,|,173.8345299065113,0.8094069510698318,0.09173312783241272,49.78851597011089,51.10011227428913,|,1151188.5625,1151188.5625,70534.1875,66714.8125,66714.8125
1350,0.4140625,|,161.77378273010254,0.8670592904090881,0.09181991219520569,48.49749840795994,49.8687544465065,|,1209648.8125,1209648.8125,72479.625,68628.25,68628.25
1360,0.4097222222222222,|,184.75537744164467,0.8535811752080917,0.09546512365341187,52.29138673841953,52.95987957715988,|,1174745.0,1174745.0,69645.1875,66105.9375,66105.9375
1370,0.4053819444444444,|,173.497527256608,0.8448340594768524,0.09288401901721954,49.389239728450775,50.66555178165436,|,1189386.0625,1189386.0625,70131.0625,66695.0,66695.0
1380,0.40104166666666663,|,230.42423352599144,0.9853727370500565,0.10635240375995636,59.261977404356,60.34330362081528,|,1310171.8125,1310171.8125,76594.9375,72677.75,72677.75
1390,0.42107455226988755,|,198.28759962320328,0.8977804630994797,0.09624610841274261,54.416632264852524,55.488694563508034,|,1245781.9375,1245781.9375,75724.875,71515.625,71515.625
1400,0.4169096209912536,|,208.16002830863,0.9555701613426208,0.09970787167549133,57.32530711591244,58.41599760949612,|,1281300.1875,1281300.1875,77022.9375,72847.4375,72847.4375
1410,0.4127446897126198,|,204.79343646764755,0.9457186013460159,0.10166960954666138,57.92598217725754,58.417203187942505,|,1275439.375,1275439.375,74639.8125,70762.75,70762.75
1420,0.40857975843398586,|,188.53868332505226,0.9307354986667633,0.09262123703956604,58.087778970599174,57.528792187571526,|,1336698.75,1336698.75,77140.125,73196.0625,73196.0625
1430,0.40441482715535193,|,224.04651917517185,0.9999579191207886,0.09953373670578003,60.66508634388447,61.70732560753822,|,1371117.5625,1371117.5625,80190.9375,75966.1875,75966.1875
1440,0.400249895876718,|,215.77367766201496,0.9796916544437408,0.09624709188938141,61.14409473538399,62.01430183649063,|,1388521.125,1388521.125,79712.125,75668.1875,75668.1875
1450,0.42000000000000004,|,216.64939250051975,0.9954225569963455,0.09939318895339966,68.51748378574848,65.92625342309475,|,1383543.6875,1383543.6875,81600.1875,77102.0,77102.0
1460,0.41600000000000004,|,205.39130620658398,0.9726057648658752,0.0990285873413086,59.241169065237045,60.024788588285446,|,1407399.4375,1407399.4375,82465.0625,77959.875,77959.875
1470,0.41200000000000003,|,235.8844654262066,0.9960098117589951,0.10198898613452911,63.677091896533966,63.65710811316967,|,1412735.375,1412735.375,81886.4375,77617.0,77617.0
1480,0.40800000000000003,|,274.90325233340263,1.0650372207164764,0.12243081629276276,68.60734371840954,68.63184705376625,|,1469800.6875,1469800.6875,84005.5,79618.625,79618.625
1490,0.404,|,270.43034003674984,1.1251280456781387,0.12039196491241455,69.94777020812035,68.6376093775034,|,1502215.375,1502215.375,85738.8125,81265.0625,81265.0625
1500,0.4,|,246.61132971942425,1.04385145008564,0.1106206625699997,75.34760595858097,78.20466735959053,|,1532920.0,1532920.0,85448.875,81154.875,81154.875
1510,0.41945405613225684,|,233.12149474024773,1.0487359017133713,0.10516379773616791,88.9218727350235,85.52004809677601,|,1462552.5,1462552.5,85438.5625,80791.1875,80791.1875
1520,0.41560938100730493,|,253.60239939391613,1.1126250177621841,0.11128365993499756,69.2251420468092,72.35279886424541,|,1510137.625,1510137.625,87262.5,82531.6875,82531.6875
1530,0.4117647058823529,|,265.9944330006838,1.154090330004692,0.11409208178520203,69.04029303789139,70.15413276851177,|,1550549.9375,1550549.9375,88658.125,83888.5,83888.5
1540,0.407920030757401,|,267.56566140055656,1.1032419055700302,0.12299562990665436,82.79822216928005,78.45449458062649,|,1587150.875,1587150.875,88713.375,84084.75,84084.75
1550,0.404075355632449,|,286.2788639962673,1.146498665213585,0.12886491417884827,80.5999244749546,77.3618592619896,|,1635370.0,1635370.0,91003.125,86280.875,86280.875
1560,0.4002306805074971,|,301.5510411709547,1.2026259750127792,0.13610856235027313,77.0033462792635,77.69560904800892,|,1675975.0625,1675975.0625,92234.5,87519.625,87519.625
1570,0.4193786982248521,|,289.64435878396034,1.1027664840221405,0.12810125946998596,84.41342586278915,76.55028538405895,|,1615852.8125,1615852.8125,91375.4375,86406.9375,86406.9375
1580,0.415680473372781,|,277.6826798468828,1.1943820714950562,0.12658345699310303,85.38848607242107,86.05728158354759,|,1636833.1875,1636833.1875,92890.875,87787.1875,87787.1875
2000,0.4054696789536266,|,679.5290690511465,2.4566678553819656,0.1835871785879135,172.45903196930885,164.32329685986042,|,2794631.8125,2794631.8125,136945.4375,129709.125,129709.125
