NUM_AGENTS,PercentSpaceEmpty,|,SAGE_TIME,FORTED_TIME,MAGE_TIME,ADG_Time,ADG_Comms,SAGE_Comms,FORTED_Comms,MAGE_Comms
10,0.375,|,0.0007657361031,0.0005326604843,0.0008779621124,0.01160063505,36.6,36.6,21.59,19.33
20,0.4444444444,|,0.001939446926,0.001363532543,0.002345173359,0.09711120844,210.99,210.99,79.61,71.82
30,0.387755102,|,0.004221003056,0.003397333622,0.005419473648,0.4221251988,470.05,470.05,156.86,139.53
40,0.375,|,0.007277643681,0.004929304123,0.01106696844,1.018309631,890.38,890.38,254.37,225.09
50,0.3827160494,|,0.01123150826,0.008242292404,0.01666892529,2.177413225,1417.93,1417.93,362.49,321.83
60,0.4,|,0.01601239681,0.01114860773,0.02492046595,3.801965156,2661.52,2661.52,521.8,476.5
70,0.3,|,0.0201795435,0.01582946539,0.03861454248,6.744492223,3585.84,3585.84,664.83,603.1
80,0.3388429752,|,0.02629007578,0.01897357941,0.06643013716,11.00632576,4569.87,4569.87,819.54,737.29
90,0.375,|,0.03332318068,0.02169358969,0.08985645056,15.28319754,5371.29,5371.29,971.39,869.55
100,0.3055555556,|,0.03732604742,0.02499115705,0.1137310314,20.28748026,7432.56,7432.56,1164.96,1060.74
110,0.349112426,|,0.04529469013,0.03348642588,0.1466002369,28.63496154,8653.75,8653.75,1352.42,1220.57
120,0.387755102,|,0.05334354162,0.03248176813,0.1843360782,37.47160579,9713.2,9713.2,1528.19,1372.64
130,0.3367346939,|,0.06226616859,0.04061618567,0.2292591381,49.87842514,12904.69,12904.69,1785.92,1620.17
140,0.3777777778,|,0.06832028389,0.04341763258,0.2585547423,57.54785696,13745.51,13745.51,1974.34,1782.47
150,0.3333333333,|,0.07752653837,0.04712496758,0.3175129652,72.71999951,17262.11,17262.11,2230,2030.64
160,0.375,|,0.09192655325,0.0565368247,0.4289837456,104.5618445,18900.8,18900.8,2462.32,2218.05
170,0.3359375,|,0.09591899633,0.06393573523,0.4642154598,115.8469457,22115.6,22115.6,2687.31,2448.23
180,0.3771626298,|,0.1069933152,0.07289420366,0.582507627,150.2894919,23570.53,23570.53,2928.43,2644.88
190,0.3425605536,|,0.1140019464,0.07896482468,0.6108178067,164.7255679,28600.17,28600.17,3262.64,2972.09
200,0.3079584775,|,0.1316347575,0.0842892909,0.7776146173,215.4838369,29903.19,29903.19,3498.24,3154.38
210,0.3518518519,|,0.1488799596,0.09072476387,0.937527957,264.2797125,35690.79,35690.79,3843.69,3489.45
220,0.3209876543,|,0.1561344099,0.09418637276,1.003417933,286.5134075,35525.27,35525.27,4030.94,3639.04
230,0.3628808864,|,0.1718916655,0.09747546673,1.117979057,322.0330648,42061.51,42061.51,4406.8,4001.26
240,0.3351800554,|,0.1920780563,0.109762125,1.329663007,385.1258336,48273.78,48273.78,4756.04,4346.02
250,0.3074792244,|,0.1962784076,0.1142211175,1.402272794,409.3261002,48161.21,48161.21,4965.15,4498.69
260,0.35,|,0.2138537431,0.1254708242,1.57012459,466.9640595,54671.41,54671.41,5322.47,4857.85
270,0.325,|,0.2222256494,0.1349731421,1.706286998,513.2352825,55481.25,55481.25,5594.83,5059
280,0.3,|,0.2545790243,0.153058548,2.032473626,640.8824199,62711.36,62711.36,5959.31,5418.65
290,0.3424036281,|,0.2656792879,0.16200418,2.193864369,702.7970237,70029.76,70029.76,6348.51,5806.92
300,0.3197278912,|,0.2823033047,0.1748547077,2.542322409,824.932617,70579.29,70579.29,6614.46,5995.76
310,0.3595041322,|,0.2951296854,0.1811347485,2.708025248,876.2538571,78600.45,78600.45,7028.6,6409.68
320,0.3388429752,|,0.311778028,0.1955050373,2.97023525,987.6694459,78491.14,78491.14,7287.27,6586.31
330,0.3181818182,|,0.3298559427,0.2061903715,3.284731467,1086.60892,85849.21,85849.21,7656.2,6952.21
340,0.3572778828,|,0.3556320477,0.2140361834,3.645953956,1211.109751,96122.67,96122.67,8132.28,7422.09
350,0.3383742911,|,0.3698266053,0.2279091048,4.077394397,1367.20114,94754,94754,8362.82,7572.02
360,0.3194706994,|,0.370167532,0.2307135558,4.180197766,1288.254212,104617.55,104617.55,8829.48,8028.15
370,0.3005671078,|,0.3950740647,0.2416795015,4.559576595,1419.240821,114348.79,114348.79,9272.45,8464.9
380,0.3402777778,|,0.42010432,0.2555387449,5.045720458,1579.141794,113291.3,113291.3,9543.74,8641.34
390,0.3229166667,|,0.4447509599,0.2671066642,5.443867776,1723.52674,124659.58,124659.58,10075.42,9164.19
400,0.3055555556,|,0.460012579,0.273110168,5.725540411,1807.053487,135183.15,135183.15,10522.46,9609.59
410,0.344,|,0.4816466475,0.286409018,6.303870816,2003.606944,133123.8,133123.8,10760.62,9749.83
420,0.328,|,0.5001897168,0.2965969443,6.483519197,2061.188084,144595.3,144595.3,11266.02,10244.5
430,0.312,|,0.5326252532,0.311389761,7.078037004,2259.113242,157349.81,157349.81,11783.38,10761.53
440,0.349112426,|,0.5569459128,0.3383380294,7.936245174,2559.487666,155334.04,155334.04,12068.03,10919.64
450,0.3343195266,|,0.5713455248,0.3459046006,8.159623284,2631.298758,164473.7,164473.7,12475.82,11348.85
460,0.3195266272,|,0.6029071331,0.3738306904,8.664024167,2802.077651,178073.6,178073.6,13000.7,11855.4
470,0.3047337278,|,0.6258631587,0.3778080082,9.048887427,2904.201781,191291.03,191291.03,13566.25,12424.29
480,0.341563786,|,0.6441766214,0.4060046172,9.996347909,3241.42948,190491.43,190491.43,13918.07,12649.08
490,0.3278463649,|,0.6782797956,0.426478312,10.66472768,3472.334,198520.95,198520.95,14261.92,12991.77
500,0.3141289438,|,0.7164242983,0.4475356174,11.56230905,3730.349751,214264.66,214264.66,14874.9,13598.75
,,,,,,,,,,
,,,,,,(estimated),,,,
"10,000",,,193.54,73.79437139,,306546236,,,,
,,,,,,36 + -1.38*10000 + 0.0109*10000^2 + -2.53E-06*10000^3 + 3.08E-08*10000^4,,,,